TRAIN NO,501,502,503,504,505,506,507,501,508,502,503,510,504,513,511,505,506,512,507,509,508,501,502,503,510,504,513,511,505,506,512,507,509,508,501,502,503,510,504,513,511,505,506,512,507,509,508,501,502,503,510,504,513,511,505,506,512,507,509,508,501,502,503,510,504,513,511,505,506,512,507,509,508,501,502,503,510,504,513,511,505,506,512,507,509,508,501,502,503,510,504,513,511,505,506,512,507,509,508,501,502,503,510,504,513,511,505,506,512,507,509,508,501,502,503,510,504,513,511,505,506,512,507,509,508,501,502,503,510,504,513,511,505,506,512,507,509,508,501,502,503,510,504,513,511,505,506,512,507,509,508,501,502,503,510,511,513,506,512,509
DEPOT1,,,02:50:00,,03:30:00,,04:10:00,,04:58:29,,,,,,05:37:00,,,,,,,,,,,,,,,,,,,,,,,,,,,,,,,,,,,,,,,,,,,,,,,,,,,,,,,,,,,,,,,,,,,,,,,,,,,,,,,,,,,,,,,,,,,,,,,,,,,,,,,,,,,,,,,,,,,,,,,,,,,,,,,,,,,,,,,,,,,,,,,,,
DEPOT,02:40:00,,,02:55:00,,03:40:00,,,,,,05:28:00,,05:40:00,,,,05:40:00,,,,,,,,,,,,,,,,,,,,,,,,,,,,,,,,,,,,,,,,,,,,,,,,,,,,,,,,,,,,,,,,,,,,,,,,,,,,,,,,,,,,,,,,,,,,,,,,,,,,,,,,,,,,,,,,,,,,,,,,,,,,,,,,,,,,,,,,,,,,,,
Y Terminal 1,,,,,,,,,,04:20:00,,,04:50:00,,,,05:20:00,,,05:45:00,,06:00:00,06:14:50,,06:29:40,,06:44:30,,06:59:20,,07:14:10,,07:29:00,,07:43:50,,07:58:40,,08:13:30,,08:28:20,,08:43:10,,08:58:00,,09:12:50,,09:27:40,,09:42:30,,09:57:20,,10:12:10,,10:27:00,,10:41:50,,10:56:40,,11:11:30,,11:26:20,,11:41:10,,11:56:00,,12:10:50,,12:25:40,,12:40:30,,12:55:20,,13:10:10,,13:25:00,,13:39:50,,13:54:40,,14:09:30,,14:24:20,,14:39:10,,14:54:00,,15:08:50,,15:23:40,,15:38:30,,15:53:20,,16:08:10,,16:23:00,,16:37:50,,16:52:40,,17:07:30,,17:22:20,,17:37:10,,17:52:00,,18:06:50,,18:21:40,,18:36:30,,18:51:20,,19:06:10,,19:21:00,,19:35:50,,19:50:40,,20:05:30,,20:20:20,,20:35:10,,20:53:00,,21:10:00,,21:25:00,,21:40:00,,22:00:00,,22:15:00,,22:30:00,,22:45:00,,23:00:00,23:20:00,,23:48:00
Y Terminal 2,,,,,,,,04:00:00,,04:22:00,04:30:00,,04:52:00,,,05:00:00,05:22:00,,05:40:00,05:47:00,06:00:00,06:03:55,06:16:50,06:20:00,06:31:40,06:39:19,06:46:30,06:54:09,07:01:20,07:08:59,07:16:10,07:23:49,07:31:00,07:38:39,07:45:50,07:53:29,08:00:40,08:08:19,08:15:30,08:23:09,08:30:20,08:37:59,08:45:10,08:52:49,09:00:00,09:07:39,09:14:50,09:22:29,09:29:40,09:37:19,09:44:30,09:52:09,09:59:20,10:06:59,10:14:10,10:21:49,10:29:00,10:36:39,10:43:50,10:51:29,10:58:40,11:06:19,11:13:30,11:21:09,11:28:20,11:35:59,11:43:10,11:50:49,11:58:00,12:05:39,12:12:50,12:20:29,12:27:40,12:35:19,12:42:30,12:50:09,12:57:20,13:04:59,13:12:10,13:19:49,13:27:00,13:34:39,13:41:50,13:49:29,13:56:40,14:04:19,14:11:30,14:19:09,14:26:20,14:33:59,14:41:10,14:48:49,14:56:00,15:03:39,15:10:50,15:18:29,15:25:40,15:33:19,15:40:30,15:48:09,15:55:20,16:02:59,16:10:10,16:17:49,16:25:00,16:32:39,16:39:50,16:47:29,16:54:40,17:02:19,17:09:30,17:17:09,17:24:20,17:31:59,17:39:10,17:46:49,17:54:00,18:01:39,18:08:50,18:16:29,18:23:40,18:31:19,18:38:30,18:46:09,18:53:20,19:00:59,19:08:10,19:15:49,19:23:00,19:30:39,19:37:50,19:45:29,19:52:40,20:00:19,20:07:30,20:15:09,20:22:20,20:29:59,20:37:10,20:44:49,20:55:00,21:02:44,21:12:00,21:20:00,21:27:00,21:35:00,21:42:00,21:50:00,22:02:00,22:10:00,22:17:00,22:20:00,22:32:00,22:40:00,22:47:00,23:00:00,23:02:00,,23:32:00,
Station 1,,,,,,,,04:04:27,,04:25:14,04:33:00,,04:55:14,,,05:03:00,05:25:14,,05:43:00,05:50:14,06:03:00,06:07:29,06:20:04,06:23:00,06:34:54,06:42:19,06:49:44,06:57:09,07:04:34,07:11:59,07:19:24,07:26:49,07:34:14,07:41:39,07:49:04,07:56:29,08:03:54,08:11:19,08:18:44,08:26:09,08:33:34,08:40:59,08:48:24,08:55:49,09:03:14,09:10:39,09:18:04,09:25:29,09:32:54,09:40:19,09:47:44,09:55:09,10:02:34,10:09:59,10:17:24,10:24:49,10:32:14,10:39:39,10:47:04,10:54:29,11:01:54,11:09:19,11:16:44,11:24:09,11:31:34,11:38:59,11:46:24,11:53:49,12:01:14,12:08:39,12:16:04,12:23:29,12:30:54,12:38:19,12:45:44,12:53:09,13:00:34,13:07:59,13:15:24,13:22:49,13:30:14,13:37:39,13:45:04,13:52:29,13:59:54,14:07:19,14:14:44,14:22:09,14:29:34,14:36:59,14:44:24,14:51:49,14:59:14,15:06:39,15:14:04,15:21:29,15:28:54,15:36:19,15:43:44,15:51:09,15:58:34,16:05:59,16:13:24,16:20:49,16:28:14,16:35:39,16:43:04,16:50:29,16:57:54,17:05:19,17:12:44,17:20:09,17:27:34,17:34:59,17:42:24,17:49:49,17:57:14,18:04:39,18:12:04,18:19:29,18:26:54,18:34:19,18:41:44,18:49:09,18:56:34,19:03:59,19:11:24,19:18:49,19:26:14,19:33:39,19:41:04,19:48:29,19:55:54,20:03:19,20:10:44,20:18:09,20:25:34,20:32:59,20:40:24,20:47:49,20:58:14,21:05:44,21:15:14,21:23:00,21:30:14,21:38:00,21:45:14,21:53:00,22:05:14,22:13:00,22:20:14,22:23:00,22:35:14,22:43:00,22:50:14,23:03:00,23:05:14,,,
Station 2,,,,,,,,04:06:41,,04:27:08,04:34:54,,04:57:08,,,05:04:54,05:27:08,,05:44:54,05:52:08,06:04:54,06:09:53,06:21:58,06:24:54,06:36:48,06:44:13,06:51:38,06:59:03,07:06:28,07:13:53,07:21:18,07:28:43,07:36:08,07:43:33,07:50:58,07:58:23,08:05:48,08:13:13,08:20:38,08:28:03,08:35:28,08:42:53,08:50:18,08:57:43,09:05:08,09:12:33,09:19:58,09:27:23,09:34:48,09:42:13,09:49:38,09:57:03,10:04:28,10:11:53,10:19:18,10:26:43,10:34:08,10:41:33,10:48:58,10:56:23,11:03:48,11:11:13,11:18:38,11:26:03,11:33:28,11:40:53,11:48:18,11:55:43,12:03:08,12:10:33,12:17:58,12:25:23,12:32:48,12:40:13,12:47:38,12:55:03,13:02:28,13:09:53,13:17:18,13:24:43,13:32:08,13:39:33,13:46:58,13:54:23,14:01:48,14:09:13,14:16:38,14:24:03,14:31:28,14:38:53,14:46:18,14:53:43,15:01:08,15:08:33,15:15:58,15:23:23,15:30:48,15:38:13,15:45:38,15:53:03,16:00:28,16:07:53,16:15:18,16:22:43,16:30:08,16:37:33,16:44:58,16:52:23,16:59:48,17:07:13,17:14:38,17:22:03,17:29:28,17:36:53,17:44:18,17:51:43,17:59:08,18:06:33,18:13:58,18:21:23,18:28:48,18:36:13,18:43:38,18:51:03,18:58:28,19:05:53,19:13:18,19:20:43,19:28:08,19:35:33,19:42:58,19:50:23,19:57:48,20:05:13,20:12:38,20:20:03,20:27:28,20:34:53,20:42:18,20:49:43,21:00:08,21:07:38,21:17:08,21:24:54,21:32:08,21:39:54,21:47:08,21:54:54,22:07:08,22:14:54,22:22:08,22:24:54,22:37:08,22:44:54,22:52:08,23:04:54,23:07:08,,,
Station 3,,,,,,,,04:09:11,,04:29:08,04:36:54,,04:59:08,,,05:06:54,05:29:08,,05:46:54,05:54:08,06:06:54,06:12:23,06:23:58,06:26:54,06:38:48,06:46:13,06:53:38,07:01:03,07:08:28,07:15:53,07:23:18,07:30:43,07:38:08,07:45:33,07:52:58,08:00:23,08:07:48,08:15:13,08:22:38,08:30:03,08:37:28,08:44:53,08:52:18,08:59:43,09:07:08,09:14:33,09:21:58,09:29:23,09:36:48,09:44:13,09:51:38,09:59:03,10:06:28,10:13:53,10:21:18,10:28:43,10:36:08,10:43:33,10:50:58,10:58:23,11:05:48,11:13:13,11:20:38,11:28:03,11:35:28,11:42:53,11:50:18,11:57:43,12:05:08,12:12:33,12:19:58,12:27:23,12:34:48,12:42:13,12:49:38,12:57:03,13:04:28,13:11:53,13:19:18,13:26:43,13:34:08,13:41:33,13:48:58,13:56:23,14:03:48,14:11:13,14:18:38,14:26:03,14:33:28,14:40:53,14:48:18,14:55:43,15:03:08,15:10:33,15:17:58,15:25:23,15:32:48,15:40:13,15:47:38,15:55:03,16:02:28,16:09:53,16:17:18,16:24:43,16:32:08,16:39:33,16:46:58,16:54:23,17:01:48,17:09:13,17:16:38,17:24:03,17:31:28,17:38:53,17:46:18,17:53:43,18:01:08,18:08:33,18:15:58,18:23:23,18:30:48,18:38:13,18:45:38,18:53:03,19:00:28,19:07:53,19:15:18,19:22:43,19:30:08,19:37:33,19:44:58,19:52:23,19:59:48,20:07:13,20:14:38,20:22:03,20:29:28,20:36:53,20:44:18,20:51:43,21:02:08,21:09:38,21:19:08,21:26:54,21:34:08,21:41:54,21:49:08,21:56:54,22:09:08,22:16:54,22:24:08,22:26:54,22:39:08,22:46:54,22:54:08,23:06:54,23:09:08,,,
Station 4,,,,,,,,04:11:41,,04:31:08,04:38:54,,05:01:08,,,05:08:54,05:31:08,,05:48:54,05:56:08,06:08:54,06:14:53,06:25:58,06:28:54,06:40:48,06:48:13,06:55:38,07:03:03,07:10:28,07:17:53,07:25:18,07:32:43,07:40:08,07:47:33,07:54:58,08:02:23,08:09:48,08:17:13,08:24:38,08:32:03,08:39:28,08:46:53,08:54:18,09:01:43,09:09:08,09:16:33,09:23:58,09:31:23,09:38:48,09:46:13,09:53:38,10:01:03,10:08:28,10:15:53,10:23:18,10:30:43,10:38:08,10:45:33,10:52:58,11:00:23,11:07:48,11:15:13,11:22:38,11:30:03,11:37:28,11:44:53,11:52:18,11:59:43,12:07:08,12:14:33,12:21:58,12:29:23,12:36:48,12:44:13,12:51:38,12:59:03,13:06:28,13:13:53,13:21:18,13:28:43,13:36:08,13:43:33,13:50:58,13:58:23,14:05:48,14:13:13,14:20:38,14:28:03,14:35:28,14:42:53,14:50:18,14:57:43,15:05:08,15:12:33,15:19:58,15:27:23,15:34:48,15:42:13,15:49:38,15:57:03,16:04:28,16:11:53,16:19:18,16:26:43,16:34:08,16:41:33,16:48:58,16:56:23,17:03:48,17:11:13,17:18:38,17:26:03,17:33:28,17:40:53,17:48:18,17:55:43,18:03:08,18:10:33,18:17:58,18:25:23,18:32:48,18:40:13,18:47:38,18:55:03,19:02:28,19:09:53,19:17:18,19:24:43,19:32:08,19:39:33,19:46:58,19:54:23,20:01:48,20:09:13,20:16:38,20:24:03,20:31:28,20:38:53,20:46:18,20:53:43,21:04:08,21:11:38,21:21:08,21:28:54,21:36:08,21:43:54,21:51:08,21:58:54,22:11:08,22:18:54,22:26:08,22:28:54,22:41:08,22:48:54,22:56:08,23:08:54,23:11:08,,,
Station 5,,,,,,,,04:14:05,,04:33:05,04:40:51,,05:03:05,,,05:10:51,05:33:05,,05:50:51,05:58:05,06:10:51,06:17:27,06:27:55,06:30:51,06:42:45,06:50:10,06:57:35,07:05:00,07:12:25,07:19:50,07:27:15,07:34:40,07:42:05,07:49:30,07:56:55,08:04:20,08:11:45,08:19:10,08:26:35,08:34:00,08:41:25,08:48:50,08:56:15,09:03:40,09:11:05,09:18:30,09:25:55,09:33:20,09:40:45,09:48:10,09:55:35,10:03:00,10:10:25,10:17:50,10:25:15,10:32:40,10:40:05,10:47:30,10:54:55,11:02:20,11:09:45,11:17:10,11:24:35,11:32:00,11:39:25,11:46:50,11:54:15,12:01:40,12:09:05,12:16:30,12:23:55,12:31:20,12:38:45,12:46:10,12:53:35,13:01:00,13:08:25,13:15:50,13:23:15,13:30:40,13:38:05,13:45:30,13:52:55,14:00:20,14:07:45,14:15:10,14:22:35,14:30:00,14:37:25,14:44:50,14:52:15,14:59:40,15:07:05,15:14:30,15:21:55,15:29:20,15:36:45,15:44:10,15:51:35,15:59:00,16:06:25,16:13:50,16:21:15,16:28:40,16:36:05,16:43:30,16:50:55,16:58:20,17:05:45,17:13:10,17:20:35,17:28:00,17:35:25,17:42:50,17:50:15,17:57:40,18:05:05,18:12:30,18:19:55,18:27:20,18:34:45,18:42:10,18:49:35,18:57:00,19:04:25,19:11:50,19:19:15,19:26:40,19:34:05,19:41:30,19:48:55,19:56:20,20:03:45,20:11:10,20:18:35,20:26:00,20:33:25,20:40:50,20:48:15,20:55:40,21:06:05,21:13:35,21:23:05,21:30:51,21:38:05,21:45:51,21:53:05,22:00:51,22:13:05,22:20:51,22:28:05,22:30:51,22:43:05,22:50:51,22:58:05,23:10:51,23:13:05,,,
Station 6,,,,,,,,04:16:09,,04:34:43,04:42:29,,05:04:43,,,05:12:29,05:34:43,,05:52:29,05:59:43,06:12:29,06:19:41,06:29:33,06:32:29,06:44:23,06:51:48,06:59:13,07:06:38,07:14:03,07:21:28,07:28:53,07:36:18,07:43:43,07:51:08,07:58:33,08:05:58,08:13:23,08:20:48,08:28:13,08:35:38,08:43:03,08:50:28,08:57:53,09:05:18,09:12:43,09:20:08,09:27:33,09:34:58,09:42:23,09:49:48,09:57:13,10:04:38,10:12:03,10:19:28,10:26:53,10:34:18,10:41:43,10:49:08,10:56:33,11:03:58,11:11:23,11:18:48,11:26:13,11:33:38,11:41:03,11:48:28,11:55:53,12:03:18,12:10:43,12:18:08,12:25:33,12:32:58,12:40:23,12:47:48,12:55:13,13:02:38,13:10:03,13:17:28,13:24:53,13:32:18,13:39:43,13:47:08,13:54:33,14:01:58,14:09:23,14:16:48,14:24:13,14:31:38,14:39:03,14:46:28,14:53:53,15:01:18,15:08:43,15:16:08,15:23:33,15:30:58,15:38:23,15:45:48,15:53:13,16:00:38,16:08:03,16:15:28,16:22:53,16:30:18,16:37:43,16:45:08,16:52:33,16:59:58,17:07:23,17:14:48,17:22:13,17:29:38,17:37:03,17:44:28,17:51:53,17:59:18,18:06:43,18:14:08,18:21:33,18:28:58,18:36:23,18:43:48,18:51:13,18:58:38,19:06:03,19:13:28,19:20:53,19:28:18,19:35:43,19:43:08,19:50:33,19:57:58,20:05:23,20:12:48,20:20:13,20:27:38,20:35:03,20:42:28,20:49:53,20:57:18,21:07:43,21:15:13,21:24:43,21:32:29,21:39:43,21:47:29,21:54:43,22:02:29,22:14:43,22:22:29,22:29:43,22:32:29,22:44:43,22:52:29,22:59:43,23:12:29,23:14:43,,,
Station 7,,,,,,,,04:18:34,,04:36:37,04:44:54,,05:06:37,,,05:14:23,05:36:37,,05:54:23,06:01:37,06:14:23,06:22:11,06:31:27,06:34:23,06:46:17,06:53:42,07:01:07,07:08:32,07:15:57,07:23:22,07:30:47,07:38:12,07:45:37,07:53:02,08:00:27,08:07:52,08:15:17,08:22:42,08:30:07,08:37:32,08:44:57,08:52:22,08:59:47,09:07:12,09:14:37,09:22:02,09:29:27,09:36:52,09:44:17,09:51:42,09:59:07,10:06:32,10:13:57,10:21:22,10:28:47,10:36:12,10:43:37,10:51:02,10:58:27,11:05:52,11:13:17,11:20:42,11:28:07,11:35:32,11:42:57,11:50:22,11:57:47,12:05:12,12:12:37,12:20:02,12:27:27,12:34:52,12:42:17,12:49:42,12:57:07,13:04:32,13:11:57,13:19:22,13:26:47,13:34:12,13:41:37,13:49:02,13:56:27,14:03:52,14:11:17,14:18:42,14:26:07,14:33:32,14:40:57,14:48:22,14:55:47,15:03:12,15:10:37,15:18:02,15:25:27,15:32:52,15:40:17,15:47:42,15:55:07,16:02:32,16:09:57,16:17:22,16:24:47,16:32:12,16:39:37,16:47:02,16:54:27,17:01:52,17:09:17,17:16:42,17:24:07,17:31:32,17:38:57,17:46:22,17:53:47,18:01:12,18:08:37,18:16:02,18:23:27,18:30:52,18:38:17,18:45:42,18:53:07,19:00:32,19:07:57,19:15:22,19:22:47,19:30:12,19:37:37,19:45:02,19:52:27,19:59:52,20:07:17,20:14:42,20:22:07,20:29:32,20:36:57,20:44:22,20:51:47,20:59:12,21:09:37,21:17:07,21:26:37,21:34:23,21:41:37,21:49:23,21:56:37,22:04:23,22:16:37,22:24:23,22:31:37,22:34:23,22:46:37,22:54:23,23:01:37,23:14:23,23:16:37,23:36:37,,
Station 8,,,,,,,,04:20:57,,04:38:26,04:47:17,,05:08:26,,,05:16:12,05:38:26,,05:56:12,06:03:26,06:16:12,06:24:00,06:33:16,06:36:12,06:48:06,06:55:31,07:02:56,07:10:21,07:17:46,07:25:11,07:32:36,07:40:01,07:47:26,07:54:51,08:02:16,08:09:41,08:17:06,08:24:31,08:31:56,08:39:21,08:46:46,08:54:11,09:01:36,09:09:01,09:16:26,09:23:51,09:31:16,09:38:41,09:46:06,09:53:31,10:00:56,10:08:21,10:15:46,10:23:11,10:30:36,10:38:01,10:45:26,10:52:51,11:00:16,11:07:41,11:15:06,11:22:31,11:29:56,11:37:21,11:44:46,11:52:11,11:59:36,12:07:01,12:14:26,12:21:51,12:29:16,12:36:41,12:44:06,12:51:31,12:58:56,13:06:21,13:13:46,13:21:11,13:28:36,13:36:01,13:43:26,13:50:51,13:58:16,14:05:41,14:13:06,14:20:31,14:27:56,14:35:21,14:42:46,14:50:11,14:57:36,15:05:01,15:12:26,15:19:51,15:27:16,15:34:41,15:42:06,15:49:31,15:56:56,16:04:21,16:11:46,16:19:11,16:26:36,16:34:01,16:41:26,16:48:51,16:56:16,17:03:41,17:11:06,17:18:31,17:25:56,17:33:21,17:40:46,17:48:11,17:55:36,18:03:01,18:10:26,18:17:51,18:25:16,18:32:41,18:40:06,18:47:31,18:54:56,19:02:21,19:09:46,19:17:11,19:24:36,19:32:01,19:39:26,19:46:51,19:54:16,20:01:41,20:09:06,20:16:31,20:23:56,20:31:21,20:38:46,20:46:11,20:53:36,21:01:01,21:11:26,21:18:56,21:28:26,21:36:12,21:43:26,21:51:12,21:58:26,22:06:12,22:18:26,22:26:12,22:33:26,22:36:12,22:48:26,22:56:12,23:03:26,23:16:12,23:18:26,,,
Station 9,,,,,,,,04:23:29,,04:40:26,04:49:49,,05:10:26,,,05:18:12,05:40:26,,05:58:12,06:05:26,06:18:12,06:26:00,06:35:16,06:38:12,06:50:06,06:57:31,07:04:56,07:12:21,07:19:46,07:27:11,07:34:36,07:42:01,07:49:26,07:56:51,08:04:16,08:11:41,08:19:06,08:26:31,08:33:56,08:41:21,08:48:46,08:56:11,09:03:36,09:11:01,09:18:26,09:25:51,09:33:16,09:40:41,09:48:06,09:55:31,10:02:56,10:10:21,10:17:46,10:25:11,10:32:36,10:40:01,10:47:26,10:54:51,11:02:16,11:09:41,11:17:06,11:24:31,11:31:56,11:39:21,11:46:46,11:54:11,12:01:36,12:09:01,12:16:26,12:23:51,12:31:16,12:38:41,12:46:06,12:53:31,13:00:56,13:08:21,13:15:46,13:23:11,13:30:36,13:38:01,13:45:26,13:52:51,14:00:16,14:07:41,14:15:06,14:22:31,14:29:56,14:37:21,14:44:46,14:52:11,14:59:36,15:07:01,15:14:26,15:21:51,15:29:16,15:36:41,15:44:06,15:51:31,15:58:56,16:06:21,16:13:46,16:21:11,16:28:36,16:36:01,16:43:26,16:50:51,16:58:16,17:05:41,17:13:06,17:20:31,17:27:56,17:35:21,17:42:46,17:50:11,17:57:36,18:05:01,18:12:26,18:19:51,18:27:16,18:34:41,18:42:06,18:49:31,18:56:56,19:04:21,19:11:46,19:19:11,19:26:36,19:34:01,19:41:26,19:48:51,19:56:16,20:03:41,20:11:06,20:18:31,20:25:56,20:33:21,20:40:46,20:48:11,20:55:36,21:03:01,21:13:26,21:20:56,21:30:26,21:38:12,21:45:26,21:53:12,22:00:26,22:08:12,22:20:26,22:28:12,22:35:26,22:38:12,22:50:26,22:58:12,23:05:26,23:18:12,23:20:26,,,
Station 10,,,,,,,,04:25:35,,04:42:09,04:51:55,,05:12:09,,,05:19:55,05:42:09,,05:59:55,06:07:09,06:19:55,06:27:43,06:36:59,06:39:55,06:51:49,06:59:14,07:06:39,07:14:04,07:21:29,07:28:54,07:36:19,07:43:44,07:51:09,07:58:34,08:05:59,08:13:24,08:20:49,08:28:14,08:35:39,08:43:04,08:50:29,08:57:54,09:05:19,09:12:44,09:20:09,09:27:34,09:34:59,09:42:24,09:49:49,09:57:14,10:04:39,10:12:04,10:19:29,10:26:54,10:34:19,10:41:44,10:49:09,10:56:34,11:03:59,11:11:24,11:18:49,11:26:14,11:33:39,11:41:04,11:48:29,11:55:54,12:03:19,12:10:44,12:18:09,12:25:34,12:32:59,12:40:24,12:47:49,12:55:14,13:02:39,13:10:04,13:17:29,13:24:54,13:32:19,13:39:44,13:47:09,13:54:34,14:01:59,14:09:24,14:16:49,14:24:14,14:31:39,14:39:04,14:46:29,14:53:54,15:01:19,15:08:44,15:16:09,15:23:34,15:30:59,15:38:24,15:45:49,15:53:14,16:00:39,16:08:04,16:15:29,16:22:54,16:30:19,16:37:44,16:45:09,16:52:34,16:59:59,17:07:24,17:14:49,17:22:14,17:29:39,17:37:04,17:44:29,17:51:54,17:59:19,18:06:44,18:14:09,18:21:34,18:28:59,18:36:24,18:43:49,18:51:14,18:58:39,19:06:04,19:13:29,19:20:54,19:28:19,19:35:44,19:43:09,19:50:34,19:57:59,20:05:24,20:12:49,20:20:14,20:27:39,20:35:04,20:42:29,20:49:54,20:57:19,21:04:44,21:15:09,21:22:39,21:32:09,21:39:55,21:47:09,21:54:55,22:02:09,22:09:55,22:22:09,22:29:55,22:37:09,22:39:55,22:52:09,22:59:55,23:07:09,23:19:55,23:22:09,,,
Station 11,,,,,,,,04:27:54,,04:43:58,04:54:14,,05:13:58,,,05:21:44,05:43:58,,06:01:44,06:08:58,06:21:44,06:29:32,06:38:48,06:41:44,06:53:38,07:01:03,07:08:28,07:15:53,07:23:18,07:30:43,07:38:08,07:45:33,07:52:58,08:00:23,08:07:48,08:15:13,08:22:38,08:30:03,08:37:28,08:44:53,08:52:18,08:59:43,09:07:08,09:14:33,09:21:58,09:29:23,09:36:48,09:44:13,09:51:38,09:59:03,10:06:28,10:13:53,10:21:18,10:28:43,10:36:08,10:43:33,10:50:58,10:58:23,11:05:48,11:13:13,11:20:38,11:28:03,11:35:28,11:42:53,11:50:18,11:57:43,12:05:08,12:12:33,12:19:58,12:27:23,12:34:48,12:42:13,12:49:38,12:57:03,13:04:28,13:11:53,13:19:18,13:26:43,13:34:08,13:41:33,13:48:58,13:56:23,14:03:48,14:11:13,14:18:38,14:26:03,14:33:28,14:40:53,14:48:18,14:55:43,15:03:08,15:10:33,15:17:58,15:25:23,15:32:48,15:40:13,15:47:38,15:55:03,16:02:28,16:09:53,16:17:18,16:24:43,16:32:08,16:39:33,16:46:58,16:54:23,17:01:48,17:09:13,17:16:38,17:24:03,17:31:28,17:38:53,17:46:18,17:53:43,18:01:08,18:08:33,18:15:58,18:23:23,18:30:48,18:38:13,18:45:38,18:53:03,19:00:28,19:07:53,19:15:18,19:22:43,19:30:08,19:37:33,19:44:58,19:52:23,19:59:48,20:07:13,20:14:38,20:22:03,20:29:28,20:36:53,20:44:18,20:51:43,20:59:08,21:06:33,21:16:58,21:24:28,21:33:58,21:41:44,21:48:58,21:56:44,22:03:58,22:11:44,22:23:58,22:31:44,22:38:58,22:41:44,22:53:58,23:01:44,23:08:58,23:21:44,23:23:58,,,
Station 12,,,,,,,,04:30:11,,04:45:42,04:56:31,,05:15:42,,,05:23:28,05:45:42,,06:03:28,06:10:42,06:23:28,06:31:16,06:40:32,06:43:28,06:55:22,07:02:47,07:10:12,07:17:37,07:25:02,07:32:27,07:39:52,07:47:17,07:54:42,08:02:07,08:09:32,08:16:57,08:24:22,08:31:47,08:39:12,08:46:37,08:54:02,09:01:27,09:08:52,09:16:17,09:23:42,09:31:07,09:38:32,09:45:57,09:53:22,10:00:47,10:08:12,10:15:37,10:23:02,10:30:27,10:37:52,10:45:17,10:52:42,11:00:07,11:07:32,11:14:57,11:22:22,11:29:47,11:37:12,11:44:37,11:52:02,11:59:27,12:06:52,12:14:17,12:21:42,12:29:07,12:36:32,12:43:57,12:51:22,12:58:47,13:06:12,13:13:37,13:21:02,13:28:27,13:35:52,13:43:17,13:50:42,13:58:07,14:05:32,14:12:57,14:20:22,14:27:47,14:35:12,14:42:37,14:50:02,14:57:27,15:04:52,15:12:17,15:19:42,15:27:07,15:34:32,15:41:57,15:49:22,15:56:47,16:04:12,16:11:37,16:19:02,16:26:27,16:33:52,16:41:17,16:48:42,16:56:07,17:03:32,17:10:57,17:18:22,17:25:47,17:33:12,17:40:37,17:48:02,17:55:27,18:02:52,18:10:17,18:17:42,18:25:07,18:32:32,18:39:57,18:47:22,18:54:47,19:02:12,19:09:37,19:17:02,19:24:27,19:31:52,19:39:17,19:46:42,19:54:07,20:01:32,20:08:57,20:16:22,20:23:47,20:31:12,20:38:37,20:46:02,20:53:27,21:00:52,21:08:17,21:18:42,21:26:12,21:35:42,21:43:28,21:50:42,21:58:28,22:05:42,22:13:28,22:25:42,22:33:28,22:40:42,22:43:28,22:55:42,23:03:28,23:10:42,23:23:28,23:25:42,,,
Station 13,,,,,,,,04:32:42,,04:47:44,04:59:02,,05:17:44,,,05:25:30,05:47:44,,06:05:30,06:12:44,06:25:30,06:33:18,06:42:34,06:45:30,06:57:24,07:04:49,07:12:14,07:19:39,07:27:04,07:34:29,07:41:54,07:49:19,07:56:44,08:04:09,08:11:34,08:18:59,08:26:24,08:33:49,08:41:14,08:48:39,08:56:04,09:03:29,09:10:54,09:18:19,09:25:44,09:33:09,09:40:34,09:47:59,09:55:24,10:02:49,10:10:14,10:17:39,10:25:04,10:32:29,10:39:54,10:47:19,10:54:44,11:02:09,11:09:34,11:16:59,11:24:24,11:31:49,11:39:14,11:46:39,11:54:04,12:01:29,12:08:54,12:16:19,12:23:44,12:31:09,12:38:34,12:45:59,12:53:24,13:00:49,13:08:14,13:15:39,13:23:04,13:30:29,13:37:54,13:45:19,13:52:44,14:00:09,14:07:34,14:14:59,14:22:24,14:29:49,14:37:14,14:44:39,14:52:04,14:59:29,15:06:54,15:14:19,15:21:44,15:29:09,15:36:34,15:43:59,15:51:24,15:58:49,16:06:14,16:13:39,16:21:04,16:28:29,16:35:54,16:43:19,16:50:44,16:58:09,17:05:34,17:12:59,17:20:24,17:27:49,17:35:14,17:42:39,17:50:04,17:57:29,18:04:54,18:12:19,18:19:44,18:27:09,18:34:34,18:41:59,18:49:24,18:56:49,19:04:14,19:11:39,19:19:04,19:26:29,19:33:54,19:41:19,19:48:44,19:56:09,20:03:34,20:10:59,20:18:24,20:25:49,20:33:14,20:40:39,20:48:04,20:55:29,21:02:54,21:10:19,21:20:44,21:28:14,21:37:44,21:45:30,21:52:44,22:00:30,22:07:44,22:15:30,22:27:44,22:35:30,22:42:44,22:45:30,22:57:44,23:05:30,23:12:44,23:25:30,23:27:44,,,
CCDN,,,,03:15:00,,04:00:00,,04:35:27,,04:49:56,05:01:47,,05:19:56,,,05:27:42,05:49:56,06:00:00,06:07:42,06:14:56,06:27:42,06:35:30,06:44:46,06:47:42,06:59:36,07:07:01,07:14:26,07:21:51,07:29:16,07:36:41,07:44:06,07:51:31,07:58:56,08:06:21,08:13:46,08:21:11,08:28:36,08:36:01,08:43:26,08:50:51,08:58:16,09:05:41,09:13:06,09:20:31,09:27:56,09:35:21,09:42:46,09:50:11,09:57:36,10:05:01,10:12:26,10:19:51,10:27:16,10:34:41,10:42:06,10:49:31,10:56:56,11:04:21,11:11:46,11:19:11,11:26:36,11:34:01,11:41:26,11:48:51,11:56:16,12:03:41,12:11:06,12:18:31,12:25:56,12:33:21,12:40:46,12:48:11,12:55:36,13:03:01,13:10:26,13:17:51,13:25:16,13:32:41,13:40:06,13:47:31,13:54:56,14:02:21,14:09:46,14:17:11,14:24:36,14:32:01,14:39:26,14:46:51,14:54:16,15:01:41,15:09:06,15:16:31,15:23:56,15:31:21,15:38:46,15:46:11,15:53:36,16:01:01,16:08:26,16:15:51,16:23:16,16:30:41,16:38:06,16:45:31,16:52:56,17:00:21,17:07:46,17:15:11,17:22:36,17:30:01,17:37:26,17:44:51,17:52:16,17:59:41,18:07:06,18:14:31,18:21:56,18:29:21,18:36:46,18:44:11,18:51:36,18:59:01,19:06:26,19:13:51,19:21:16,19:28:41,19:36:06,19:43:31,19:50:56,19:58:21,20:05:46,20:13:11,20:20:36,20:28:01,20:35:26,20:42:51,20:50:16,20:57:41,21:05:06,21:12:31,21:22:56,21:30:26,21:39:56,21:47:42,21:54:56,22:02:42,22:09:56,22:17:42,22:29:56,22:37:42,22:44:56,22:47:42,22:59:56,23:07:42,23:14:56,23:27:42,23:29:56,,23:59:00,00:17:00
Station 14,,,,03:18:42,,04:02:02,,04:37:29,,04:51:58,05:03:49,,05:21:58,,,05:29:44,05:51:58,06:02:02,06:09:44,06:16:58,06:29:44,06:37:32,06:46:48,06:49:44,07:01:38,07:09:03,07:16:28,07:23:53,07:31:18,07:38:43,07:46:08,07:53:33,08:00:58,08:08:23,08:15:48,08:23:13,08:30:38,08:38:03,08:45:28,08:52:53,09:00:18,09:07:43,09:15:08,09:22:33,09:29:58,09:37:23,09:44:48,09:52:13,09:59:38,10:07:03,10:14:28,10:21:53,10:29:18,10:36:43,10:44:08,10:51:33,10:58:58,11:06:23,11:13:48,11:21:13,11:28:38,11:36:03,11:43:28,11:50:53,11:58:18,12:05:43,12:13:08,12:20:33,12:27:58,12:35:23,12:42:48,12:50:13,12:57:38,13:05:03,13:12:28,13:19:53,13:27:18,13:34:43,13:42:08,13:49:33,13:56:58,14:04:23,14:11:48,14:19:13,14:26:38,14:34:03,14:41:28,14:48:53,14:56:18,15:03:43,15:11:08,15:18:33,15:25:58,15:33:23,15:40:48,15:48:13,15:55:38,16:03:03,16:10:28,16:17:53,16:25:18,16:32:43,16:40:08,16:47:33,16:54:58,17:02:23,17:09:48,17:17:13,17:24:38,17:32:03,17:39:28,17:46:53,17:54:18,18:01:43,18:09:08,18:16:33,18:23:58,18:31:23,18:38:48,18:46:13,18:53:38,19:01:03,19:08:28,19:15:53,19:23:18,19:30:43,19:38:08,19:45:33,19:52:58,20:00:23,20:07:48,20:15:13,20:22:38,20:30:03,20:37:28,20:44:53,20:52:18,20:59:43,21:07:08,21:14:33,21:24:58,21:32:28,21:41:58,21:49:44,21:56:58,22:04:44,22:11:58,22:19:44,22:31:58,22:39:44,22:46:58,22:49:44,23:01:58,23:09:44,23:16:58,23:29:44,23:31:58,,,
Station 15,,,,03:22:12,,04:04:36,,04:40:03,,04:54:32,05:06:23,,05:24:32,,,05:32:18,05:54:32,06:04:36,06:12:18,06:19:32,06:32:18,06:40:06,06:49:22,06:52:18,07:04:12,07:11:37,07:19:02,07:26:27,07:33:52,07:41:17,07:48:42,07:56:07,08:03:32,08:10:57,08:18:22,08:25:47,08:33:12,08:40:37,08:48:02,08:55:27,09:02:52,09:10:17,09:17:42,09:25:07,09:32:32,09:39:57,09:47:22,09:54:47,10:02:12,10:09:37,10:17:02,10:24:27,10:31:52,10:39:17,10:46:42,10:54:07,11:01:32,11:08:57,11:16:22,11:23:47,11:31:12,11:38:37,11:46:02,11:53:27,12:00:52,12:08:17,12:15:42,12:23:07,12:30:32,12:37:57,12:45:22,12:52:47,13:00:12,13:07:37,13:15:02,13:22:27,13:29:52,13:37:17,13:44:42,13:52:07,13:59:32,14:06:57,14:14:22,14:21:47,14:29:12,14:36:37,14:44:02,14:51:27,14:58:52,15:06:17,15:13:42,15:21:07,15:28:32,15:35:57,15:43:22,15:50:47,15:58:12,16:05:37,16:13:02,16:20:27,16:27:52,16:35:17,16:42:42,16:50:07,16:57:32,17:04:57,17:12:22,17:19:47,17:27:12,17:34:37,17:42:02,17:49:27,17:56:52,18:04:17,18:11:42,18:19:07,18:26:32,18:33:57,18:41:22,18:48:47,18:56:12,19:03:37,19:11:02,19:18:27,19:25:52,19:33:17,19:40:42,19:48:07,19:55:32,20:02:57,20:10:22,20:17:47,20:25:12,20:32:37,20:40:02,20:47:27,20:54:52,21:02:17,21:09:42,21:17:07,21:27:32,21:35:02,21:44:32,21:52:18,21:59:32,22:07:18,22:14:32,22:22:18,22:34:32,22:42:18,22:49:32,22:52:18,23:04:32,23:12:18,23:19:32,23:32:18,23:34:32,,,
Station 16,,,,03:25:53,,04:07:06,,04:42:33,,04:57:02,05:08:53,,05:27:02,,,05:34:48,05:57:02,06:07:06,06:14:48,06:22:02,06:34:48,06:42:36,06:51:52,06:54:48,07:06:42,07:14:07,07:21:32,07:28:57,07:36:22,07:43:47,07:51:12,07:58:37,08:06:02,08:13:27,08:20:52,08:28:17,08:35:42,08:43:07,08:50:32,08:57:57,09:05:22,09:12:47,09:20:12,09:27:37,09:35:02,09:42:27,09:49:52,09:57:17,10:04:42,10:12:07,10:19:32,10:26:57,10:34:22,10:41:47,10:49:12,10:56:37,11:04:02,11:11:27,11:18:52,11:26:17,11:33:42,11:41:07,11:48:32,11:55:57,12:03:22,12:10:47,12:18:12,12:25:37,12:33:02,12:40:27,12:47:52,12:55:17,13:02:42,13:10:07,13:17:32,13:24:57,13:32:22,13:39:47,13:47:12,13:54:37,14:02:02,14:09:27,14:16:52,14:24:17,14:31:42,14:39:07,14:46:32,14:53:57,15:01:22,15:08:47,15:16:12,15:23:37,15:31:02,15:38:27,15:45:52,15:53:17,16:00:42,16:08:07,16:15:32,16:22:57,16:30:22,16:37:47,16:45:12,16:52:37,17:00:02,17:07:27,17:14:52,17:22:17,17:29:42,17:37:07,17:44:32,17:51:57,17:59:22,18:06:47,18:14:12,18:21:37,18:29:02,18:36:27,18:43:52,18:51:17,18:58:42,19:06:07,19:13:32,19:20:57,19:28:22,19:35:47,19:43:12,19:50:37,19:58:02,20:05:27,20:12:52,20:20:17,20:27:42,20:35:07,20:42:32,20:49:57,20:57:22,21:04:47,21:12:12,21:19:37,21:30:02,21:37:32,21:47:02,21:54:48,22:02:02,22:09:48,22:17:02,22:24:48,22:37:02,22:44:48,22:52:02,22:54:48,23:07:02,23:14:48,23:22:02,23:34:48,23:37:02,,,
Station 17,,,,03:28:52,,04:09:09,,04:44:36,,04:59:05,05:10:56,,05:29:05,,,05:36:51,05:59:05,06:09:09,06:16:51,06:24:05,06:36:51,06:44:39,06:53:55,06:56:51,07:08:45,07:16:10,07:23:35,07:31:00,07:38:25,07:45:50,07:53:15,08:00:40,08:08:05,08:15:30,08:22:55,08:30:20,08:37:45,08:45:10,08:52:35,09:00:00,09:07:25,09:14:50,09:22:15,09:29:40,09:37:05,09:44:30,09:51:55,09:59:20,10:06:45,10:14:10,10:21:35,10:29:00,10:36:25,10:43:50,10:51:15,10:58:40,11:06:05,11:13:30,11:20:55,11:28:20,11:35:45,11:43:10,11:50:35,11:58:00,12:05:25,12:12:50,12:20:15,12:27:40,12:35:05,12:42:30,12:49:55,12:57:20,13:04:45,13:12:10,13:19:35,13:27:00,13:34:25,13:41:50,13:49:15,13:56:40,14:04:05,14:11:30,14:18:55,14:26:20,14:33:45,14:41:10,14:48:35,14:56:00,15:03:25,15:10:50,15:18:15,15:25:40,15:33:05,15:40:30,15:47:55,15:55:20,16:02:45,16:10:10,16:17:35,16:25:00,16:32:25,16:39:50,16:47:15,16:54:40,17:02:05,17:09:30,17:16:55,17:24:20,17:31:45,17:39:10,17:46:35,17:54:00,18:01:25,18:08:50,18:16:15,18:23:40,18:31:05,18:38:30,18:45:55,18:53:20,19:00:45,19:08:10,19:15:35,19:23:00,19:30:25,19:37:50,19:45:15,19:52:40,20:00:05,20:07:30,20:14:55,20:22:20,20:29:45,20:37:10,20:44:35,20:52:00,20:59:25,21:06:50,21:14:15,21:21:40,21:32:05,21:39:35,21:49:05,21:56:51,22:04:05,22:11:51,22:19:05,22:26:51,22:39:05,22:46:51,22:54:05,22:56:51,23:09:05,23:16:51,23:24:05,23:36:51,23:39:05,,,
Station 18,,,03:10:00,03:31:48,03:50:00,04:11:07,04:30:00,04:46:34,,05:01:03,05:12:54,,05:31:03,,,05:38:49,06:01:03,06:11:07,06:18:49,06:26:03,06:38:49,06:46:37,06:55:53,06:58:49,07:10:43,07:18:08,07:25:33,07:32:58,07:40:23,07:47:48,07:55:13,08:02:38,08:10:03,08:17:28,08:24:53,08:32:18,08:39:43,08:47:08,08:54:33,09:01:58,09:09:23,09:16:48,09:24:13,09:31:38,09:39:03,09:46:28,09:53:53,10:01:18,10:08:43,10:16:08,10:23:33,10:30:58,10:38:23,10:45:48,10:53:13,11:00:38,11:08:03,11:15:28,11:22:53,11:30:18,11:37:43,11:45:08,11:52:33,11:59:58,12:07:23,12:14:48,12:22:13,12:29:38,12:37:03,12:44:28,12:51:53,12:59:18,13:06:43,13:14:08,13:21:33,13:28:58,13:36:23,13:43:48,13:51:13,13:58:38,14:06:03,14:13:28,14:20:53,14:28:18,14:35:43,14:43:08,14:50:33,14:57:58,15:05:23,15:12:48,15:20:13,15:27:38,15:35:03,15:42:28,15:49:53,15:57:18,16:04:43,16:12:08,16:19:33,16:26:58,16:34:23,16:41:48,16:49:13,16:56:38,17:04:03,17:11:28,17:18:53,17:26:18,17:33:43,17:41:08,17:48:33,17:55:58,18:03:23,18:10:48,18:18:13,18:25:38,18:33:03,18:40:28,18:47:53,18:55:18,19:02:43,19:10:08,19:17:33,19:24:58,19:32:23,19:39:48,19:47:13,19:54:38,20:02:03,20:09:28,20:16:53,20:24:18,20:31:43,20:39:08,20:46:33,20:53:58,21:01:23,21:08:48,21:16:13,21:23:38,21:34:03,21:41:33,21:51:03,21:58:49,22:06:03,22:13:49,22:21:03,22:28:49,22:41:03,22:48:49,22:56:03,22:58:49,23:11:03,23:18:49,23:26:03,23:38:49,23:41:03,,,
Station 19,,,03:13:13,03:34:06,03:52:18,04:13:25,04:32:18,04:48:52,,05:03:21,05:15:12,,05:33:21,,,05:41:07,06:03:21,06:13:25,06:21:07,06:28:21,06:41:07,06:48:55,06:58:11,07:01:07,07:13:01,07:20:26,07:27:51,07:35:16,07:42:41,07:50:06,07:57:31,08:04:56,08:12:21,08:19:46,08:27:11,08:34:36,08:42:01,08:49:26,08:56:51,09:04:16,09:11:41,09:19:06,09:26:31,09:33:56,09:41:21,09:48:46,09:56:11,10:03:36,10:11:01,10:18:26,10:25:51,10:33:16,10:40:41,10:48:06,10:55:31,11:02:56,11:10:21,11:17:46,11:25:11,11:32:36,11:40:01,11:47:26,11:54:51,12:02:16,12:09:41,12:17:06,12:24:31,12:31:56,12:39:21,12:46:46,12:54:11,13:01:36,13:09:01,13:16:26,13:23:51,13:31:16,13:38:41,13:46:06,13:53:31,14:00:56,14:08:21,14:15:46,14:23:11,14:30:36,14:38:01,14:45:26,14:52:51,15:00:16,15:07:41,15:15:06,15:22:31,15:29:56,15:37:21,15:44:46,15:52:11,15:59:36,16:07:01,16:14:26,16:21:51,16:29:16,16:36:41,16:44:06,16:51:31,16:58:56,17:06:21,17:13:46,17:21:11,17:28:36,17:36:01,17:43:26,17:50:51,17:58:16,18:05:41,18:13:06,18:20:31,18:27:56,18:35:21,18:42:46,18:50:11,18:57:36,19:05:01,19:12:26,19:19:51,19:27:16,19:34:41,19:42:06,19:49:31,19:56:56,20:04:21,20:11:46,20:19:11,20:26:36,20:34:01,20:41:26,20:48:51,20:56:16,21:03:41,21:11:06,21:18:31,21:25:56,21:36:21,21:43:51,21:53:21,22:01:07,22:08:21,22:16:07,22:23:21,22:31:07,22:43:21,22:51:07,22:58:21,23:01:07,23:13:21,23:21:07,23:28:21,23:41:07,23:43:21,,,
Terminal,,,03:16:54,03:36:30,03:54:42,04:15:49,04:34:42,04:51:16,,05:05:45,05:17:36,,05:35:45,,,05:43:31,06:05:45,06:15:49,06:23:31,06:30:45,06:43:31,06:51:19,07:00:35,07:03:31,07:15:25,07:22:50,07:30:15,07:37:40,07:45:05,07:52:30,07:59:55,08:07:20,08:14:45,08:22:10,08:29:35,08:37:00,08:44:25,08:51:50,08:59:15,09:06:40,09:14:05,09:21:30,09:28:55,09:36:20,09:43:45,09:51:10,09:58:35,10:06:00,10:13:25,10:20:50,10:28:15,10:35:40,10:43:05,10:50:30,10:57:55,11:05:20,11:12:45,11:20:10,11:27:35,11:35:00,11:42:25,11:49:50,11:57:15,12:04:40,12:12:05,12:19:30,12:26:55,12:34:20,12:41:45,12:49:10,12:56:35,13:04:00,13:11:25,13:18:50,13:26:15,13:33:40,13:41:05,13:48:30,13:55:55,14:03:20,14:10:45,14:18:10,14:25:35,14:33:00,14:40:25,14:47:50,14:55:15,15:02:40,15:10:05,15:17:30,15:24:55,15:32:20,15:39:45,15:47:10,15:54:35,16:02:00,16:09:25,16:16:50,16:24:15,16:31:40,16:39:05,16:46:30,16:53:55,17:01:20,17:08:45,17:16:10,17:23:35,17:31:00,17:38:25,17:45:50,17:53:15,18:00:40,18:08:05,18:15:30,18:22:55,18:30:20,18:37:45,18:45:10,18:52:35,19:00:00,19:07:25,19:14:50,19:22:15,19:29:40,19:37:05,19:44:30,19:51:55,19:59:20,20:06:45,20:14:10,20:21:35,20:29:00,20:36:25,20:43:50,20:51:15,20:58:40,21:06:05,21:13:30,21:20:55,21:28:20,21:38:45,21:46:15,21:55:45,22:03:31,22:10:45,22:18:31,22:25:45,22:33:31,22:45:45,22:53:31,23:00:45,23:03:31,23:15:45,23:23:31,23:30:45,23:43:31,23:45:45,,,
Terminal,,03:00:00,03:20:00,03:40:00,04:00:00,04:20:00,04:40:00,05:00:00,,05:20:00,05:28:00,,05:40:00,,,06:02:00,06:12:00,06:22:00,06:32:00,06:40:00,06:48:15,06:55:40,07:03:05,07:10:30,07:17:55,07:25:20,07:32:45,07:40:10,07:47:35,07:55:00,08:02:25,08:09:50,08:17:15,08:24:40,08:32:05,08:39:30,08:46:55,08:54:20,09:01:45,09:09:10,09:16:35,09:24:00,09:31:25,09:38:50,09:46:15,09:53:40,10:01:05,10:08:30,10:15:55,10:23:20,10:30:45,10:38:10,10:45:35,10:53:00,11:00:25,11:07:50,11:15:15,11:22:40,11:30:05,11:37:30,11:44:55,11:52:20,11:59:45,12:07:10,12:14:35,12:22:00,12:29:25,12:36:50,12:44:15,12:51:40,12:59:05,13:06:30,13:13:55,13:21:20,13:28:45,13:36:10,13:43:35,13:51:00,13:58:25,14:05:50,14:13:15,14:20:40,14:28:05,14:35:30,14:42:55,14:50:20,14:57:45,15:05:10,15:12:35,15:20:00,15:27:25,15:34:50,15:42:15,15:49:40,15:57:05,16:04:30,16:11:55,16:19:20,16:26:45,16:34:10,16:41:35,16:49:00,16:56:25,17:03:50,17:11:15,17:18:40,17:26:05,17:33:30,17:40:55,17:48:20,17:55:45,18:03:10,18:10:35,18:18:00,18:25:25,18:32:50,18:40:15,18:47:40,18:55:05,19:02:30,19:09:55,19:17:20,19:24:45,19:32:10,19:39:35,19:47:00,19:54:25,20:01:50,20:09:15,20:16:40,20:24:05,20:31:30,20:38:55,20:46:20,20:53:45,21:01:10,21:10:00,21:19:00,21:28:00,21:37:00,21:45:00,21:52:00,22:00:00,22:06:00,22:15:00,22:20:00,22:30:00,22:45:00,22:50:00,23:00:00,23:05:00,23:08:00,23:20:00,23:27:00,23:33:00,23:46:00,23:48:00,,,
Station 19,,03:03:41,03:22:19,03:42:19,04:02:19,04:22:19,04:42:19,05:02:19,,05:22:19,05:30:19,,05:42:19,,,06:04:19,06:14:19,06:24:19,06:34:19,06:42:19,06:50:34,06:57:59,07:05:24,07:12:49,07:20:14,07:27:39,07:35:04,07:42:29,07:49:54,07:57:19,08:04:44,08:12:09,08:19:34,08:26:59,08:34:24,08:41:49,08:49:14,08:56:39,09:04:04,09:11:29,09:18:54,09:26:19,09:33:44,09:41:09,09:48:34,09:55:59,10:03:24,10:10:49,10:18:14,10:25:39,10:33:04,10:40:29,10:47:54,10:55:19,11:02:44,11:10:09,11:17:34,11:24:59,11:32:24,11:39:49,11:47:14,11:54:39,12:02:04,12:09:29,12:16:54,12:24:19,12:31:44,12:39:09,12:46:34,12:53:59,13:01:24,13:08:49,13:16:14,13:23:39,13:31:04,13:38:29,13:45:54,13:53:19,14:00:44,14:08:09,14:15:34,14:22:59,14:30:24,14:37:49,14:45:14,14:52:39,15:00:04,15:07:29,15:14:54,15:22:19,15:29:44,15:37:09,15:44:34,15:51:59,15:59:24,16:06:49,16:14:14,16:21:39,16:29:04,16:36:29,16:43:54,16:51:19,16:58:44,17:06:09,17:13:34,17:20:59,17:28:24,17:35:49,17:43:14,17:50:39,17:58:04,18:05:29,18:12:54,18:20:19,18:27:44,18:35:09,18:42:34,18:49:59,18:57:24,19:04:49,19:12:14,19:19:39,19:27:04,19:34:29,19:41:54,19:49:19,19:56:44,20:04:09,20:11:34,20:18:59,20:26:24,20:33:49,20:41:14,20:48:39,20:56:04,21:03:29,21:12:19,21:21:19,21:30:19,21:39:19,21:47:19,21:54:19,22:02:19,22:08:19,22:17:19,22:22:19,22:32:19,22:47:19,22:52:19,23:02:19,,,,,,,,,,
Station 18,,03:06:54,03:24:29,03:44:29,04:04:29,04:24:29,04:44:29,05:04:29,05:18:29,05:24:29,05:32:29,,05:44:29,,05:57:00,06:06:29,06:16:29,06:26:29,06:36:29,06:44:29,06:52:44,07:00:09,07:07:34,07:14:59,07:22:24,07:29:49,07:37:14,07:44:39,07:52:04,07:59:29,08:06:54,08:14:19,08:21:44,08:29:09,08:36:34,08:43:59,08:51:24,08:58:49,09:06:14,09:13:39,09:21:04,09:28:29,09:35:54,09:43:19,09:50:44,09:58:09,10:05:34,10:12:59,10:20:24,10:27:49,10:35:14,10:42:39,10:50:04,10:57:29,11:04:54,11:12:19,11:19:44,11:27:09,11:34:34,11:41:59,11:49:24,11:56:49,12:04:14,12:11:39,12:19:04,12:26:29,12:33:54,12:41:19,12:48:44,12:56:09,13:03:34,13:10:59,13:18:24,13:25:49,13:33:14,13:40:39,13:48:04,13:55:29,14:02:54,14:10:19,14:17:44,14:25:09,14:32:34,14:39:59,14:47:24,14:54:49,15:02:14,15:09:39,15:17:04,15:24:29,15:31:54,15:39:19,15:46:44,15:54:09,16:01:34,16:08:59,16:16:24,16:23:49,16:31:14,16:38:39,16:46:04,16:53:29,17:00:54,17:08:19,17:15:44,17:23:09,17:30:34,17:37:59,17:45:24,17:52:49,18:00:14,18:07:39,18:15:04,18:22:29,18:29:54,18:37:19,18:44:44,18:52:09,18:59:34,19:06:59,19:14:24,19:21:49,19:29:14,19:36:39,19:44:04,19:51:29,19:58:54,20:06:19,20:13:44,20:21:09,20:28:34,20:35:59,20:43:24,20:50:49,20:58:14,21:05:39,21:14:29,21:23:29,21:32:29,21:41:29,21:49:29,21:56:29,22:04:29,22:10:29,22:19:29,22:24:29,22:34:29,22:49:29,22:54:29,23:04:29,,,,,,,,,,
Station 17,,03:09:50,03:26:26,03:46:26,04:06:26,04:26:26,04:46:26,05:06:26,05:20:26,05:26:26,05:34:26,,05:46:26,,05:58:57,06:08:26,06:18:26,06:28:26,06:38:26,06:46:26,06:54:41,07:02:06,07:09:31,07:16:56,07:24:21,07:31:46,07:39:11,07:46:36,07:54:01,08:01:26,08:08:51,08:16:16,08:23:41,08:31:06,08:38:31,08:45:56,08:53:21,09:00:46,09:08:11,09:15:36,09:23:01,09:30:26,09:37:51,09:45:16,09:52:41,10:00:06,10:07:31,10:14:56,10:22:21,10:29:46,10:37:11,10:44:36,10:52:01,10:59:26,11:06:51,11:14:16,11:21:41,11:29:06,11:36:31,11:43:56,11:51:21,11:58:46,12:06:11,12:13:36,12:21:01,12:28:26,12:35:51,12:43:16,12:50:41,12:58:06,13:05:31,13:12:56,13:20:21,13:27:46,13:35:11,13:42:36,13:50:01,13:57:26,14:04:51,14:12:16,14:19:41,14:27:06,14:34:31,14:41:56,14:49:21,14:56:46,15:04:11,15:11:36,15:19:01,15:26:26,15:33:51,15:41:16,15:48:41,15:56:06,16:03:31,16:10:56,16:18:21,16:25:46,16:33:11,16:40:36,16:48:01,16:55:26,17:02:51,17:10:16,17:17:41,17:25:06,17:32:31,17:39:56,17:47:21,17:54:46,18:02:11,18:09:36,18:17:01,18:24:26,18:31:51,18:39:16,18:46:41,18:54:06,19:01:31,19:08:56,19:16:21,19:23:46,19:31:11,19:38:36,19:46:01,19:53:26,20:00:51,20:08:16,20:15:41,20:23:06,20:30:31,20:37:56,20:45:21,20:52:46,21:00:11,21:07:36,21:16:26,21:25:26,21:34:26,21:43:26,21:51:26,21:58:26,22:06:26,22:12:26,22:21:26,,22:36:26,22:51:26,,23:06:26,23:11:00,,23:26:00,,23:39:00,,23:54:00,,,
Station 16,,03:12:49,03:28:27,03:48:27,04:08:27,04:28:27,04:48:27,05:08:27,05:22:27,05:28:27,05:36:27,,05:48:27,,06:00:58,06:10:27,06:20:27,06:30:27,06:40:27,06:48:27,06:56:42,07:04:07,07:11:32,07:18:57,07:26:22,07:33:47,07:41:12,07:48:37,07:56:02,08:03:27,08:10:52,08:18:17,08:25:42,08:33:07,08:40:32,08:47:57,08:55:22,09:02:47,09:10:12,09:17:37,09:25:02,09:32:27,09:39:52,09:47:17,09:54:42,10:02:07,10:09:32,10:16:57,10:24:22,10:31:47,10:39:12,10:46:37,10:54:02,11:01:27,11:08:52,11:16:17,11:23:42,11:31:07,11:38:32,11:45:57,11:53:22,12:00:47,12:08:12,12:15:37,12:23:02,12:30:27,12:37:52,12:45:17,12:52:42,13:00:07,13:07:32,13:14:57,13:22:22,13:29:47,13:37:12,13:44:37,13:52:02,13:59:27,14:06:52,14:14:17,14:21:42,14:29:07,14:36:32,14:43:57,14:51:22,14:58:47,15:06:12,15:13:37,15:21:02,15:28:27,15:35:52,15:43:17,15:50:42,15:58:07,16:05:32,16:12:57,16:20:22,16:27:47,16:35:12,16:42:37,16:50:02,16:57:27,17:04:52,17:12:17,17:19:42,17:27:07,17:34:32,17:41:57,17:49:22,17:56:47,18:04:12,18:11:37,18:19:02,18:26:27,18:33:52,18:41:17,18:48:42,18:56:07,19:03:32,19:10:57,19:18:22,19:25:47,19:33:12,19:40:37,19:48:02,19:55:27,20:02:52,20:10:17,20:17:42,20:25:07,20:32:32,20:39:57,20:47:22,20:54:47,21:02:12,21:09:37,21:18:27,21:27:27,21:36:27,21:45:27,21:53:27,22:00:27,22:08:27,22:14:27,22:23:27,,22:38:27,22:53:27,,23:08:27,,,,,,,,,,
Station 15,,03:16:30,03:30:54,03:50:54,04:10:54,04:30:54,04:50:54,05:10:54,05:24:54,05:30:54,05:38:54,,05:50:54,,06:03:25,06:12:54,06:22:54,06:32:54,06:42:54,06:50:54,06:59:09,07:06:34,07:13:59,07:21:24,07:28:49,07:36:14,07:43:39,07:51:04,07:58:29,08:05:54,08:13:19,08:20:44,08:28:09,08:35:34,08:42:59,08:50:24,08:57:49,09:05:14,09:12:39,09:20:04,09:27:29,09:34:54,09:42:19,09:49:44,09:57:09,10:04:34,10:11:59,10:19:24,10:26:49,10:34:14,10:41:39,10:49:04,10:56:29,11:03:54,11:11:19,11:18:44,11:26:09,11:33:34,11:40:59,11:48:24,11:55:49,12:03:14,12:10:39,12:18:04,12:25:29,12:32:54,12:40:19,12:47:44,12:55:09,13:02:34,13:09:59,13:17:24,13:24:49,13:32:14,13:39:39,13:47:04,13:54:29,14:01:54,14:09:19,14:16:44,14:24:09,14:31:34,14:38:59,14:46:24,14:53:49,15:01:14,15:08:39,15:16:04,15:23:29,15:30:54,15:38:19,15:45:44,15:53:09,16:00:34,16:07:59,16:15:24,16:22:49,16:30:14,16:37:39,16:45:04,16:52:29,16:59:54,17:07:19,17:14:44,17:22:09,17:29:34,17:36:59,17:44:24,17:51:49,17:59:14,18:06:39,18:14:04,18:21:29,18:28:54,18:36:19,18:43:44,18:51:09,18:58:34,19:05:59,19:13:24,19:20:49,19:28:14,19:35:39,19:43:04,19:50:29,19:57:54,20:05:19,20:12:44,20:20:09,20:27:34,20:34:59,20:42:24,20:49:49,20:57:14,21:04:39,21:12:04,21:20:54,21:29:54,21:38:54,21:47:54,21:55:54,22:02:54,22:10:54,22:16:54,22:25:54,,22:40:54,22:55:54,,23:10:54,,,,,,,,,,
Station 14,,03:20:00,03:33:28,03:53:28,04:13:28,04:33:28,04:53:28,05:13:28,05:27:28,05:33:28,05:41:28,,05:53:28,,06:05:59,06:15:28,06:25:28,06:35:28,06:45:28,06:53:28,07:01:43,07:09:08,07:16:33,07:23:58,07:31:23,07:38:48,07:46:13,07:53:38,08:01:03,08:08:28,08:15:53,08:23:18,08:30:43,08:38:08,08:45:33,08:52:58,09:00:23,09:07:48,09:15:13,09:22:38,09:30:03,09:37:28,09:44:53,09:52:18,09:59:43,10:07:08,10:14:33,10:21:58,10:29:23,10:36:48,10:44:13,10:51:38,10:59:03,11:06:28,11:13:53,11:21:18,11:28:43,11:36:08,11:43:33,11:50:58,11:58:23,12:05:48,12:13:13,12:20:38,12:28:03,12:35:28,12:42:53,12:50:18,12:57:43,13:05:08,13:12:33,13:19:58,13:27:23,13:34:48,13:42:13,13:49:38,13:57:03,14:04:28,14:11:53,14:19:18,14:26:43,14:34:08,14:41:33,14:48:58,14:56:23,15:03:48,15:11:13,15:18:38,15:26:03,15:33:28,15:40:53,15:48:18,15:55:43,16:03:08,16:10:33,16:17:58,16:25:23,16:32:48,16:40:13,16:47:38,16:55:03,17:02:28,17:09:53,17:17:18,17:24:43,17:32:08,17:39:33,17:46:58,17:54:23,18:01:48,18:09:13,18:16:38,18:24:03,18:31:28,18:38:53,18:46:18,18:53:43,19:01:08,19:08:33,19:15:58,19:23:23,19:30:48,19:38:13,19:45:38,19:53:03,20:00:28,20:07:53,20:15:18,20:22:43,20:30:08,20:37:33,20:44:58,20:52:23,20:59:48,21:07:13,21:14:38,21:23:28,21:32:28,21:41:28,21:50:28,21:58:28,22:05:28,22:13:28,22:19:28,22:28:28,,22:43:28,22:58:28,,23:13:28,,,,,,,,,,
CCUP,03:00:00,03:23:42,03:35:42,03:55:42,04:15:42,04:35:42,04:55:42,05:15:42,05:29:42,05:35:42,05:43:42,05:48:00,05:55:42,06:00:00,06:08:13,06:17:42,06:27:42,06:37:42,06:47:42,06:55:42,07:03:57,07:11:22,07:18:47,07:26:12,07:33:37,07:41:02,07:48:27,07:55:52,08:03:17,08:10:42,08:18:07,08:25:32,08:32:57,08:40:22,08:47:47,08:55:12,09:02:37,09:10:02,09:17:27,09:24:52,09:32:17,09:39:42,09:47:07,09:54:32,10:01:57,10:09:22,10:16:47,10:24:12,10:31:37,10:39:02,10:46:27,10:53:52,11:01:17,11:08:42,11:16:07,11:23:32,11:30:57,11:38:22,11:45:47,11:53:12,12:00:37,12:08:02,12:15:27,12:22:52,12:30:17,12:37:42,12:45:07,12:52:32,12:59:57,13:07:22,13:14:47,13:22:12,13:29:37,13:37:02,13:44:27,13:51:52,13:59:17,14:06:42,14:14:07,14:21:32,14:28:57,14:36:22,14:43:47,14:51:12,14:58:37,15:06:02,15:13:27,15:20:52,15:28:17,15:35:42,15:43:07,15:50:32,15:57:57,16:05:22,16:12:47,16:20:12,16:27:37,16:35:02,16:42:27,16:49:52,16:57:17,17:04:42,17:12:07,17:19:32,17:26:57,17:34:22,17:41:47,17:49:12,17:56:37,18:04:02,18:11:27,18:18:52,18:26:17,18:33:42,18:41:07,18:48:32,18:55:57,19:03:22,19:10:47,19:18:12,19:25:37,19:33:02,19:40:27,19:47:52,19:55:17,20:02:42,20:10:07,20:17:32,20:24:57,20:32:22,20:39:47,20:47:12,20:54:37,21:02:02,21:09:27,21:16:52,21:25:42,21:34:42,21:43:42,21:52:42,22:00:42,22:07:42,22:15:42,22:21:42,22:30:42,,22:45:42,23:00:42,,23:15:42,,23:23:42,,23:42:42,,00:02:00,,,,
Station 13,03:02:06,03:25:49,03:37:49,03:57:49,04:17:49,04:37:49,04:57:49,05:17:49,05:31:49,05:37:49,05:45:49,05:50:07,05:57:49,06:02:07,06:10:20,06:19:49,06:29:49,06:39:49,06:49:49,06:57:49,07:06:04,07:13:29,07:20:54,07:28:19,07:35:44,07:43:09,07:50:34,07:57:59,08:05:24,08:12:49,08:20:14,08:27:39,08:35:04,08:42:29,08:49:54,08:57:19,09:04:44,09:12:09,09:19:34,09:26:59,09:34:24,09:41:49,09:49:14,09:56:39,10:04:04,10:11:29,10:18:54,10:26:19,10:33:44,10:41:09,10:48:34,10:55:59,11:03:24,11:10:49,11:18:14,11:25:39,11:33:04,11:40:29,11:47:54,11:55:19,12:02:44,12:10:09,12:17:34,12:24:59,12:32:24,12:39:49,12:47:14,12:54:39,13:02:04,13:09:29,13:16:54,13:24:19,13:31:44,13:39:09,13:46:34,13:53:59,14:01:24,14:08:49,14:16:14,14:23:39,14:31:04,14:38:29,14:45:54,14:53:19,15:00:44,15:08:09,15:15:34,15:22:59,15:30:24,15:37:49,15:45:14,15:52:39,16:00:04,16:07:29,16:14:54,16:22:19,16:29:44,16:37:09,16:44:34,16:51:59,16:59:24,17:06:49,17:14:14,17:21:39,17:29:04,17:36:29,17:43:54,17:51:19,17:58:44,18:06:09,18:13:34,18:20:59,18:28:24,18:35:49,18:43:14,18:50:39,18:58:04,19:05:29,19:12:54,19:20:19,19:27:44,19:35:09,19:42:34,19:49:59,19:57:24,20:04:49,20:12:14,20:19:39,20:27:04,20:34:29,20:41:54,20:49:19,20:56:44,21:04:09,21:11:34,21:18:59,21:27:49,21:36:49,21:45:49,21:54:49,22:02:49,22:09:49,22:17:49,22:23:49,22:32:49,,22:47:49,23:02:49,,23:17:49,,,,,,,,,,
Station 12,03:04:21,03:27:47,03:39:47,03:59:47,04:19:47,04:39:47,04:59:47,05:19:47,05:33:47,05:39:47,05:47:47,05:52:05,05:59:47,06:04:05,06:12:18,06:21:47,06:31:47,06:41:47,06:51:47,06:59:47,07:08:02,07:15:27,07:22:52,07:30:17,07:37:42,07:45:07,07:52:32,07:59:57,08:07:22,08:14:47,08:22:12,08:29:37,08:37:02,08:44:27,08:51:52,08:59:17,09:06:42,09:14:07,09:21:32,09:28:57,09:36:22,09:43:47,09:51:12,09:58:37,10:06:02,10:13:27,10:20:52,10:28:17,10:35:42,10:43:07,10:50:32,10:57:57,11:05:22,11:12:47,11:20:12,11:27:37,11:35:02,11:42:27,11:49:52,11:57:17,12:04:42,12:12:07,12:19:32,12:26:57,12:34:22,12:41:47,12:49:12,12:56:37,13:04:02,13:11:27,13:18:52,13:26:17,13:33:42,13:41:07,13:48:32,13:55:57,14:03:22,14:10:47,14:18:12,14:25:37,14:33:02,14:40:27,14:47:52,14:55:17,15:02:42,15:10:07,15:17:32,15:24:57,15:32:22,15:39:47,15:47:12,15:54:37,16:02:02,16:09:27,16:16:52,16:24:17,16:31:42,16:39:07,16:46:32,16:53:57,17:01:22,17:08:47,17:16:12,17:23:37,17:31:02,17:38:27,17:45:52,17:53:17,18:00:42,18:08:07,18:15:32,18:22:57,18:30:22,18:37:47,18:45:12,18:52:37,19:00:02,19:07:27,19:14:52,19:22:17,19:29:42,19:37:07,19:44:32,19:51:57,19:59:22,20:06:47,20:14:12,20:21:37,20:29:02,20:36:27,20:43:52,20:51:17,20:58:42,21:06:07,21:13:32,21:20:57,21:29:47,21:38:47,21:47:47,21:56:47,22:04:47,22:11:47,22:19:47,22:25:47,22:34:47,,22:49:47,23:04:47,,23:19:47,,,,,,,,,,
Station 11,03:06:05,03:29:30,03:41:30,04:01:30,04:21:30,04:41:30,05:01:30,05:21:30,05:35:30,05:41:30,05:49:30,05:53:48,06:01:30,06:05:48,06:14:01,06:23:30,06:33:30,06:43:30,06:53:30,07:01:30,07:09:45,07:17:10,07:24:35,07:32:00,07:39:25,07:46:50,07:54:15,08:01:40,08:09:05,08:16:30,08:23:55,08:31:20,08:38:45,08:46:10,08:53:35,09:01:00,09:08:25,09:15:50,09:23:15,09:30:40,09:38:05,09:45:30,09:52:55,10:00:20,10:07:45,10:15:10,10:22:35,10:30:00,10:37:25,10:44:50,10:52:15,10:59:40,11:07:05,11:14:30,11:21:55,11:29:20,11:36:45,11:44:10,11:51:35,11:59:00,12:06:25,12:13:50,12:21:15,12:28:40,12:36:05,12:43:30,12:50:55,12:58:20,13:05:45,13:13:10,13:20:35,13:28:00,13:35:25,13:42:50,13:50:15,13:57:40,14:05:05,14:12:30,14:19:55,14:27:20,14:34:45,14:42:10,14:49:35,14:57:00,15:04:25,15:11:50,15:19:15,15:26:40,15:34:05,15:41:30,15:48:55,15:56:20,16:03:45,16:11:10,16:18:35,16:26:00,16:33:25,16:40:50,16:48:15,16:55:40,17:03:05,17:10:30,17:17:55,17:25:20,17:32:45,17:40:10,17:47:35,17:55:00,18:02:25,18:09:50,18:17:15,18:24:40,18:32:05,18:39:30,18:46:55,18:54:20,19:01:45,19:09:10,19:16:35,19:24:00,19:31:25,19:38:50,19:46:15,19:53:40,20:01:05,20:08:30,20:15:55,20:23:20,20:30:45,20:38:10,20:45:35,20:53:00,21:00:25,21:07:50,21:15:15,21:22:40,21:31:30,21:40:30,21:49:30,21:58:30,22:06:30,22:13:30,22:21:30,22:27:30,22:36:30,,22:51:30,23:06:30,,23:21:30,,,,,,,,,,
Station 10,03:07:55,03:31:15,03:43:15,04:03:15,04:23:15,04:43:15,05:03:15,05:23:15,05:37:15,05:43:15,05:51:15,05:55:33,06:03:15,06:07:33,06:15:46,06:25:15,06:35:15,06:45:15,06:55:15,07:03:15,07:11:30,07:18:55,07:26:20,07:33:45,07:41:10,07:48:35,07:56:00,08:03:25,08:10:50,08:18:15,08:25:40,08:33:05,08:40:30,08:47:55,08:55:20,09:02:45,09:10:10,09:17:35,09:25:00,09:32:25,09:39:50,09:47:15,09:54:40,10:02:05,10:09:30,10:16:55,10:24:20,10:31:45,10:39:10,10:46:35,10:54:00,11:01:25,11:08:50,11:16:15,11:23:40,11:31:05,11:38:30,11:45:55,11:53:20,12:00:45,12:08:10,12:15:35,12:23:00,12:30:25,12:37:50,12:45:15,12:52:40,13:00:05,13:07:30,13:14:55,13:22:20,13:29:45,13:37:10,13:44:35,13:52:00,13:59:25,14:06:50,14:14:15,14:21:40,14:29:05,14:36:30,14:43:55,14:51:20,14:58:45,15:06:10,15:13:35,15:21:00,15:28:25,15:35:50,15:43:15,15:50:40,15:58:05,16:05:30,16:12:55,16:20:20,16:27:45,16:35:10,16:42:35,16:50:00,16:57:25,17:04:50,17:12:15,17:19:40,17:27:05,17:34:30,17:41:55,17:49:20,17:56:45,18:04:10,18:11:35,18:19:00,18:26:25,18:33:50,18:41:15,18:48:40,18:56:05,19:03:30,19:10:55,19:18:20,19:25:45,19:33:10,19:40:35,19:48:00,19:55:25,20:02:50,20:10:15,20:17:40,20:25:05,20:32:30,20:39:55,20:47:20,20:54:45,21:02:10,21:09:35,21:17:00,21:24:25,21:33:15,21:42:15,21:51:15,22:00:15,22:08:15,22:15:15,22:23:15,22:29:15,22:38:15,,22:53:15,23:08:15,,23:23:15,,,,,,,,,,
Station 9,03:09:45,03:32:51,03:44:51,04:04:51,04:24:51,04:44:51,05:04:51,05:24:51,05:38:51,05:44:51,05:52:51,05:57:09,06:04:51,06:09:09,06:17:22,06:26:51,06:36:51,06:46:51,06:56:51,07:04:51,07:13:06,07:20:31,07:27:56,07:35:21,07:42:46,07:50:11,07:57:36,08:05:01,08:12:26,08:19:51,08:27:16,08:34:41,08:42:06,08:49:31,08:56:56,09:04:21,09:11:46,09:19:11,09:26:36,09:34:01,09:41:26,09:48:51,09:56:16,10:03:41,10:11:06,10:18:31,10:25:56,10:33:21,10:40:46,10:48:11,10:55:36,11:03:01,11:10:26,11:17:51,11:25:16,11:32:41,11:40:06,11:47:31,11:54:56,12:02:21,12:09:46,12:17:11,12:24:36,12:32:01,12:39:26,12:46:51,12:54:16,13:01:41,13:09:06,13:16:31,13:23:56,13:31:21,13:38:46,13:46:11,13:53:36,14:01:01,14:08:26,14:15:51,14:23:16,14:30:41,14:38:06,14:45:31,14:52:56,15:00:21,15:07:46,15:15:11,15:22:36,15:30:01,15:37:26,15:44:51,15:52:16,15:59:41,16:07:06,16:14:31,16:21:56,16:29:21,16:36:46,16:44:11,16:51:36,16:59:01,17:06:26,17:13:51,17:21:16,17:28:41,17:36:06,17:43:31,17:50:56,17:58:21,18:05:46,18:13:11,18:20:36,18:28:01,18:35:26,18:42:51,18:50:16,18:57:41,19:05:06,19:12:31,19:19:56,19:27:21,19:34:46,19:42:11,19:49:36,19:57:01,20:04:26,20:11:51,20:19:16,20:26:41,20:34:06,20:41:31,20:48:56,20:56:21,21:03:46,21:11:11,21:18:36,21:26:01,21:34:51,21:43:51,21:52:51,22:01:51,22:09:51,22:16:51,22:24:51,22:30:51,22:39:51,,22:54:51,23:09:51,,23:24:51,,,,,,,,,,
Station 8,03:11:48,03:34:48,03:46:48,04:06:48,04:26:48,04:46:48,05:06:48,05:26:48,05:40:48,05:46:48,05:54:48,05:59:06,06:06:48,06:11:06,06:19:19,06:28:48,06:38:48,06:48:48,06:58:48,07:06:48,07:15:03,07:22:28,07:29:53,07:37:18,07:44:43,07:52:08,07:59:33,08:06:58,08:14:23,08:21:48,08:29:13,08:36:38,08:44:03,08:51:28,08:58:53,09:06:18,09:13:43,09:21:08,09:28:33,09:35:58,09:43:23,09:50:48,09:58:13,10:05:38,10:13:03,10:20:28,10:27:53,10:35:18,10:42:43,10:50:08,10:57:33,11:04:58,11:12:23,11:19:48,11:27:13,11:34:38,11:42:03,11:49:28,11:56:53,12:04:18,12:11:43,12:19:08,12:26:33,12:33:58,12:41:23,12:48:48,12:56:13,13:03:38,13:11:03,13:18:28,13:25:53,13:33:18,13:40:43,13:48:08,13:55:33,14:02:58,14:10:23,14:17:48,14:25:13,14:32:38,14:40:03,14:47:28,14:54:53,15:02:18,15:09:43,15:17:08,15:24:33,15:31:58,15:39:23,15:46:48,15:54:13,16:01:38,16:09:03,16:16:28,16:23:53,16:31:18,16:38:43,16:46:08,16:53:33,17:00:58,17:08:23,17:15:48,17:23:13,17:30:38,17:38:03,17:45:28,17:52:53,18:00:18,18:07:43,18:15:08,18:22:33,18:29:58,18:37:23,18:44:48,18:52:13,18:59:38,19:07:03,19:14:28,19:21:53,19:29:18,19:36:43,19:44:08,19:51:33,19:58:58,20:06:23,20:13:48,20:21:13,20:28:38,20:36:03,20:43:28,20:50:53,20:58:18,21:05:43,21:13:08,21:20:33,21:27:58,21:36:48,21:45:48,21:54:48,22:03:48,22:11:48,22:18:48,22:26:48,22:32:48,22:41:48,,22:56:48,23:11:48,,23:26:48,,,,,,,,,,
Station 7,03:13:42,03:36:36,03:48:36,04:08:36,04:28:36,04:48:36,05:08:36,05:28:36,05:42:36,05:48:36,05:56:36,06:00:54,06:08:36,06:12:54,06:21:07,06:30:36,06:40:36,06:50:36,07:00:36,07:08:36,07:16:51,07:24:16,07:31:41,07:39:06,07:46:31,07:53:56,08:01:21,08:08:46,08:16:11,08:23:36,08:31:01,08:38:26,08:45:51,08:53:16,09:00:41,09:08:06,09:15:31,09:22:56,09:30:21,09:37:46,09:45:11,09:52:36,10:00:01,10:07:26,10:14:51,10:22:16,10:29:41,10:37:06,10:44:31,10:51:56,10:59:21,11:06:46,11:14:11,11:21:36,11:29:01,11:36:26,11:43:51,11:51:16,11:58:41,12:06:06,12:13:31,12:20:56,12:28:21,12:35:46,12:43:11,12:50:36,12:58:01,13:05:26,13:12:51,13:20:16,13:27:41,13:35:06,13:42:31,13:49:56,13:57:21,14:04:46,14:12:11,14:19:36,14:27:01,14:34:26,14:41:51,14:49:16,14:56:41,15:04:06,15:11:31,15:18:56,15:26:21,15:33:46,15:41:11,15:48:36,15:56:01,16:03:26,16:10:51,16:18:16,16:25:41,16:33:06,16:40:31,16:47:56,16:55:21,17:02:46,17:10:11,17:17:36,17:25:01,17:32:26,17:39:51,17:47:16,17:54:41,18:02:06,18:09:31,18:16:56,18:24:21,18:31:46,18:39:11,18:46:36,18:54:01,19:01:26,19:08:51,19:16:16,19:23:41,19:31:06,19:38:31,19:45:56,19:53:21,20:00:46,20:08:11,20:15:36,20:23:01,20:30:26,20:37:51,20:45:16,20:52:41,21:00:06,21:07:31,21:14:56,21:22:21,21:29:46,21:38:36,21:47:36,21:56:36,22:05:36,22:13:36,22:20:36,22:28:36,22:34:36,22:43:36,,22:58:36,23:13:36,,23:28:36,,,,,,,,23:56:37,,
Station 6,03:15:39,03:38:27,03:50:27,04:10:27,04:30:27,04:50:27,05:10:27,05:30:27,05:44:27,05:50:27,05:58:27,06:02:45,06:10:27,06:14:45,06:22:58,06:32:27,06:42:27,06:52:27,07:02:27,07:10:27,07:18:42,07:26:07,07:33:32,07:40:57,07:48:22,07:55:47,08:03:12,08:10:37,08:18:02,08:25:27,08:32:52,08:40:17,08:47:42,08:55:07,09:02:32,09:09:57,09:17:22,09:24:47,09:32:12,09:39:37,09:47:02,09:54:27,10:01:52,10:09:17,10:16:42,10:24:07,10:31:32,10:38:57,10:46:22,10:53:47,11:01:12,11:08:37,11:16:02,11:23:27,11:30:52,11:38:17,11:45:42,11:53:07,12:00:32,12:07:57,12:15:22,12:22:47,12:30:12,12:37:37,12:45:02,12:52:27,12:59:52,13:07:17,13:14:42,13:22:07,13:29:32,13:36:57,13:44:22,13:51:47,13:59:12,14:06:37,14:14:02,14:21:27,14:28:52,14:36:17,14:43:42,14:51:07,14:58:32,15:05:57,15:13:22,15:20:47,15:28:12,15:35:37,15:43:02,15:50:27,15:57:52,16:05:17,16:12:42,16:20:07,16:27:32,16:34:57,16:42:22,16:49:47,16:57:12,17:04:37,17:12:02,17:19:27,17:26:52,17:34:17,17:41:42,17:49:07,17:56:32,18:03:57,18:11:22,18:18:47,18:26:12,18:33:37,18:41:02,18:48:27,18:55:52,19:03:17,19:10:42,19:18:07,19:25:32,19:32:57,19:40:22,19:47:47,19:55:12,20:02:37,20:10:02,20:17:27,20:24:52,20:32:17,20:39:42,20:47:07,20:54:32,21:01:57,21:09:22,21:16:47,21:24:12,21:31:37,21:40:27,21:49:27,21:58:27,22:07:27,22:15:27,22:22:27,22:30:27,22:36:27,22:45:27,,23:00:27,23:15:27,,23:30:27,,,,,,,,,,
Station 5,03:17:13,03:40:01,03:52:01,04:12:01,04:32:01,04:52:01,05:12:01,05:32:01,05:46:01,05:52:01,06:00:01,06:04:19,06:12:01,06:16:19,06:24:32,06:34:01,06:44:01,06:54:01,07:04:01,07:12:01,07:20:16,07:27:41,07:35:06,07:42:31,07:49:56,07:57:21,08:04:46,08:12:11,08:19:36,08:27:01,08:34:26,08:41:51,08:49:16,08:56:41,09:04:06,09:11:31,09:18:56,09:26:21,09:33:46,09:41:11,09:48:36,09:56:01,10:03:26,10:10:51,10:18:16,10:25:41,10:33:06,10:40:31,10:47:56,10:55:21,11:02:46,11:10:11,11:17:36,11:25:01,11:32:26,11:39:51,11:47:16,11:54:41,12:02:06,12:09:31,12:16:56,12:24:21,12:31:46,12:39:11,12:46:36,12:54:01,13:01:26,13:08:51,13:16:16,13:23:41,13:31:06,13:38:31,13:45:56,13:53:21,14:00:46,14:08:11,14:15:36,14:23:01,14:30:26,14:37:51,14:45:16,14:52:41,15:00:06,15:07:31,15:14:56,15:22:21,15:29:46,15:37:11,15:44:36,15:52:01,15:59:26,16:06:51,16:14:16,16:21:41,16:29:06,16:36:31,16:43:56,16:51:21,16:58:46,17:06:11,17:13:36,17:21:01,17:28:26,17:35:51,17:43:16,17:50:41,17:58:06,18:05:31,18:12:56,18:20:21,18:27:46,18:35:11,18:42:36,18:50:01,18:57:26,19:04:51,19:12:16,19:19:41,19:27:06,19:34:31,19:41:56,19:49:21,19:56:46,20:04:11,20:11:36,20:19:01,20:26:26,20:33:51,20:41:16,20:48:41,20:56:06,21:03:31,21:10:56,21:18:21,21:25:46,21:33:11,21:42:01,21:51:01,22:00:01,22:09:01,22:17:01,22:24:01,22:32:01,22:38:01,22:47:01,,23:02:01,23:17:01,,23:32:01,,,,,,,,,,
Station 4,03:19:08,03:41:56,03:53:56,04:13:56,04:33:56,04:53:56,05:13:56,05:33:56,05:47:56,05:53:56,06:01:56,06:06:14,06:13:56,06:18:14,06:26:27,06:35:56,06:45:56,06:55:56,07:05:56,07:13:56,07:22:11,07:29:36,07:37:01,07:44:26,07:51:51,07:59:16,08:06:41,08:14:06,08:21:31,08:28:56,08:36:21,08:43:46,08:51:11,08:58:36,09:06:01,09:13:26,09:20:51,09:28:16,09:35:41,09:43:06,09:50:31,09:57:56,10:05:21,10:12:46,10:20:11,10:27:36,10:35:01,10:42:26,10:49:51,10:57:16,11:04:41,11:12:06,11:19:31,11:26:56,11:34:21,11:41:46,11:49:11,11:56:36,12:04:01,12:11:26,12:18:51,12:26:16,12:33:41,12:41:06,12:48:31,12:55:56,13:03:21,13:10:46,13:18:11,13:25:36,13:33:01,13:40:26,13:47:51,13:55:16,14:02:41,14:10:06,14:17:31,14:24:56,14:32:21,14:39:46,14:47:11,14:54:36,15:02:01,15:09:26,15:16:51,15:24:16,15:31:41,15:39:06,15:46:31,15:53:56,16:01:21,16:08:46,16:16:11,16:23:36,16:31:01,16:38:26,16:45:51,16:53:16,17:00:41,17:08:06,17:15:31,17:22:56,17:30:21,17:37:46,17:45:11,17:52:36,18:00:01,18:07:26,18:14:51,18:22:16,18:29:41,18:37:06,18:44:31,18:51:56,18:59:21,19:06:46,19:14:11,19:21:36,19:29:01,19:36:26,19:43:51,19:51:16,19:58:41,20:06:06,20:13:31,20:20:56,20:28:21,20:35:46,20:43:11,20:50:36,20:58:01,21:05:26,21:12:51,21:20:16,21:27:41,21:35:06,21:43:56,21:52:56,22:01:56,22:10:56,22:18:56,22:25:56,22:33:56,22:39:56,22:48:56,,23:03:56,23:18:56,,23:33:56,,,,,,,,,,
Station 3,03:21:38,03:43:51,03:55:51,04:15:51,04:35:51,04:55:51,05:15:51,05:35:51,05:49:51,05:55:51,06:03:51,06:08:09,06:15:51,06:20:09,06:28:22,06:37:51,06:47:51,06:57:51,07:07:51,07:15:51,07:24:06,07:31:31,07:38:56,07:46:21,07:53:46,08:01:11,08:08:36,08:16:01,08:23:26,08:30:51,08:38:16,08:45:41,08:53:06,09:00:31,09:07:56,09:15:21,09:22:46,09:30:11,09:37:36,09:45:01,09:52:26,09:59:51,10:07:16,10:14:41,10:22:06,10:29:31,10:36:56,10:44:21,10:51:46,10:59:11,11:06:36,11:14:01,11:21:26,11:28:51,11:36:16,11:43:41,11:51:06,11:58:31,12:05:56,12:13:21,12:20:46,12:28:11,12:35:36,12:43:01,12:50:26,12:57:51,13:05:16,13:12:41,13:20:06,13:27:31,13:34:56,13:42:21,13:49:46,13:57:11,14:04:36,14:12:01,14:19:26,14:26:51,14:34:16,14:41:41,14:49:06,14:56:31,15:03:56,15:11:21,15:18:46,15:26:11,15:33:36,15:41:01,15:48:26,15:55:51,16:03:16,16:10:41,16:18:06,16:25:31,16:32:56,16:40:21,16:47:46,16:55:11,17:02:36,17:10:01,17:17:26,17:24:51,17:32:16,17:39:41,17:47:06,17:54:31,18:01:56,18:09:21,18:16:46,18:24:11,18:31:36,18:39:01,18:46:26,18:53:51,19:01:16,19:08:41,19:16:06,19:23:31,19:30:56,19:38:21,19:45:46,19:53:11,20:00:36,20:08:01,20:15:26,20:22:51,20:30:16,20:37:41,20:45:06,20:52:31,20:59:56,21:07:21,21:14:46,21:22:11,21:29:36,21:37:01,21:45:51,21:54:51,22:03:51,22:12:51,22:20:51,22:27:51,22:35:51,22:41:51,22:50:51,,23:05:51,23:20:51,,23:35:51,,,,,,,,,,
Station 2,03:24:08,03:45:46,03:57:46,04:17:46,04:37:46,04:57:46,05:17:46,05:37:46,05:51:46,05:57:46,06:05:46,06:10:04,06:17:46,06:22:04,06:30:17,06:39:46,06:49:46,06:59:46,07:09:46,07:17:46,07:26:01,07:33:26,07:40:51,07:48:16,07:55:41,08:03:06,08:10:31,08:17:56,08:25:21,08:32:46,08:40:11,08:47:36,08:55:01,09:02:26,09:09:51,09:17:16,09:24:41,09:32:06,09:39:31,09:46:56,09:54:21,10:01:46,10:09:11,10:16:36,10:24:01,10:31:26,10:38:51,10:46:16,10:53:41,11:01:06,11:08:31,11:15:56,11:23:21,11:30:46,11:38:11,11:45:36,11:53:01,12:00:26,12:07:51,12:15:16,12:22:41,12:30:06,12:37:31,12:44:56,12:52:21,12:59:46,13:07:11,13:14:36,13:22:01,13:29:26,13:36:51,13:44:16,13:51:41,13:59:06,14:06:31,14:13:56,14:21:21,14:28:46,14:36:11,14:43:36,14:51:01,14:58:26,15:05:51,15:13:16,15:20:41,15:28:06,15:35:31,15:42:56,15:50:21,15:57:46,16:05:11,16:12:36,16:20:01,16:27:26,16:34:51,16:42:16,16:49:41,16:57:06,17:04:31,17:11:56,17:19:21,17:26:46,17:34:11,17:41:36,17:49:01,17:56:26,18:03:51,18:11:16,18:18:41,18:26:06,18:33:31,18:40:56,18:48:21,18:55:46,19:03:11,19:10:36,19:18:01,19:25:26,19:32:51,19:40:16,19:47:41,19:55:06,20:02:31,20:09:56,20:17:21,20:24:46,20:32:11,20:39:36,20:47:01,20:54:26,21:01:51,21:09:16,21:16:41,21:24:06,21:31:31,21:38:56,21:47:46,21:56:46,22:05:46,22:14:46,22:22:46,22:29:46,22:37:46,22:43:46,22:52:46,,23:07:46,23:22:46,,23:37:46,,,,,,,,,,
Station 1,03:26:06,03:47:37,03:59:37,04:19:37,04:39:37,04:59:37,05:19:37,05:39:37,05:53:37,05:59:37,06:07:37,06:11:55,06:19:37,06:23:55,06:32:08,06:41:37,06:51:37,07:01:37,07:11:37,07:19:37,07:27:52,07:35:17,07:42:42,07:50:07,07:57:32,08:04:57,08:12:22,08:19:47,08:27:12,08:34:37,08:42:02,08:49:27,08:56:52,09:04:17,09:11:42,09:19:07,09:26:32,09:33:57,09:41:22,09:48:47,09:56:12,10:03:37,10:11:02,10:18:27,10:25:52,10:33:17,10:40:42,10:48:07,10:55:32,11:02:57,11:10:22,11:17:47,11:25:12,11:32:37,11:40:02,11:47:27,11:54:52,12:02:17,12:09:42,12:17:07,12:24:32,12:31:57,12:39:22,12:46:47,12:54:12,13:01:37,13:09:02,13:16:27,13:23:52,13:31:17,13:38:42,13:46:07,13:53:32,14:00:57,14:08:22,14:15:47,14:23:12,14:30:37,14:38:02,14:45:27,14:52:52,15:00:17,15:07:42,15:15:07,15:22:32,15:29:57,15:37:22,15:44:47,15:52:12,15:59:37,16:07:02,16:14:27,16:21:52,16:29:17,16:36:42,16:44:07,16:51:32,16:58:57,17:06:22,17:13:47,17:21:12,17:28:37,17:36:02,17:43:27,17:50:52,17:58:17,18:05:42,18:13:07,18:20:32,18:27:57,18:35:22,18:42:47,18:50:12,18:57:37,19:05:02,19:12:27,19:19:52,19:27:17,19:34:42,19:42:07,19:49:32,19:56:57,20:04:22,20:11:47,20:19:12,20:26:37,20:34:02,20:41:27,20:48:52,20:56:17,21:03:42,21:11:07,21:18:32,21:25:57,21:33:22,21:40:47,21:49:37,21:58:37,22:07:37,22:16:37,22:24:37,22:31:37,22:39:37,22:45:37,22:54:37,,23:09:37,23:24:37,,23:39:37,,,,,,,,,,
Y Terminal 2,03:30:33,03:50:59,04:03:25,04:22:59,04:43:25,05:02:59,05:23:25,05:42:59,05:57:25,06:02:59,06:11:25,06:15:17,06:23:25,06:27:17,06:35:56,06:44:59,06:55:25,07:04:59,07:15:25,07:22:59,07:31:40,07:38:39,07:46:30,07:53:29,08:01:20,08:08:19,08:16:10,08:23:09,08:31:00,08:37:59,08:45:50,08:52:49,09:00:40,09:07:39,09:15:30,09:22:29,09:30:20,09:37:19,09:45:10,09:52:09,10:00:00,10:06:59,10:14:50,10:21:49,10:29:40,10:36:39,10:44:30,10:51:29,10:59:20,11:06:19,11:14:10,11:21:09,11:29:00,11:35:59,11:43:50,11:50:49,11:58:40,12:05:39,12:13:30,12:20:29,12:28:20,12:35:19,12:43:10,12:50:09,12:58:00,13:04:59,13:12:50,13:19:49,13:27:40,13:34:39,13:42:30,13:49:29,13:57:20,14:04:19,14:12:10,14:19:09,14:27:00,14:33:59,14:41:50,14:48:49,14:56:40,15:03:39,15:11:30,15:18:29,15:26:20,15:33:19,15:41:10,15:48:09,15:56:00,16:02:59,16:10:50,16:17:49,16:25:40,16:32:39,16:40:30,16:47:29,16:55:20,17:02:19,17:10:10,17:17:09,17:25:00,17:31:59,17:39:50,17:46:49,17:54:40,18:01:39,18:09:30,18:16:29,18:24:20,18:31:19,18:39:10,18:46:09,18:54:00,19:00:59,19:08:50,19:15:49,19:23:40,19:30:39,19:38:30,19:45:29,19:53:20,20:00:19,20:08:10,20:15:09,20:23:00,20:29:59,20:37:50,20:44:49,20:52:40,20:59:39,21:07:30,21:14:29,21:22:20,21:29:19,21:37:10,21:44:09,21:53:25,22:01:59,22:11:25,22:19:59,22:28:25,22:34:59,22:43:25,22:48:59,22:58:25,,23:12:59,23:28:25,,23:42:59,,,,,,,,,,
Y Terminal 1,,03:53:29,,04:25:29,,05:05:29,,05:45:29,,06:05:29,,06:17:47,,06:29:47,,06:47:29,,07:07:29,,07:25:29,,07:41:09,,07:55:59,,08:10:49,,08:25:39,,08:40:29,,08:55:19,,09:10:09,,09:24:59,,09:39:49,,09:54:39,,10:09:29,,10:24:19,,10:39:09,,10:53:59,,11:08:49,,11:23:39,,11:38:29,,11:53:19,,12:08:09,,12:22:59,,12:37:49,,12:52:39,,13:07:29,,13:22:19,,13:37:09,,13:51:59,,14:06:49,,14:21:39,,14:36:29,,14:51:19,,15:06:09,,15:20:59,,15:35:49,,15:50:39,,16:05:29,,16:20:19,,16:35:09,,16:49:59,,17:04:49,,17:19:39,,17:34:29,,17:49:19,,18:04:09,,18:18:59,,18:33:49,,18:48:39,,19:03:29,,19:18:19,,19:33:09,,19:47:59,,20:02:49,,20:17:39,,20:32:29,,20:47:19,,21:02:09,,21:16:59,,21:31:49,,21:46:39,,22:04:29,,22:22:29,,22:37:29,,22:51:29,,,23:15:29,,,23:45:29,,,,,,,,,,
DEPOT,,,,,,,,,,,,,,,,,,,,,,,,,,,,,,,,,,,,,,,,,,,,,,,,,,,,,,,,,,,,,,,,,,,,,,,,,,,,,,,,,,,,,,,,,,,,,,,,,,,,,,,,,,,,,,,,,,,,,,,,,,,,,,,,,,,,,,,,,,,,,,,,,,,,,,,,23:43:42,,00:02:42,,00:22:00,,,00:19:00,00:37:00
DEPOT1,,,,,,,,,,,,,,,,,,,,,,,,,,,,,,,,,,,,,,,,,,,,,,,,,,,,,,,,,,,,,,,,,,,,,,,,,,,,,,,,,,,,,,,,,,,,,,,,,,,,,,,,,,,,,,,,,,,,,,,,,,,,,,,,,,,,,,,,,,,,,,,,,,22:44:29,,,23:14:29,,23:31:00,,23:46:00,,23:59:00,,00:14:00,,,
